Graph Seed,Clustering Coefficient,Lambda_2,Max |x_i|
193,0.3056389516915832,0.7112664247520742,1.3503136816496257
499,0.2904875825928458,0.6537294425720342,1.3225449468856232
936,0.341109113363118,0.8995957687338215,1.361731595161501
590,0.3418812181970076,0.6324033999523796,1.2876045020625235
990,0.366322892793481,0.6663065849534443,1.382043404870117
981,0.27875085440874914,0.6242980777010867,1.362518781178
519,0.2944551234798912,0.8304284655215344,1.4795175089951056
928,0.295718462823726,0.6126243433770917,1.2429292138317547
849,0.2787071116018484,0.8254807995127481,1.337686826582216
463,0.3486063643958381,0.6251067789863035,1.5591196585304203
171,0.27688130582867426,0.7468452655364015,1.3113886549836804
919,0.33230986849407906,0.7339483456938033,1.6022479095568407
768,0.30155633839844365,0.7047722607405733,1.324101356489065
369,0.43562314878104347,0.6566006319882401,1.3831552538317051
303,0.31577519487736205,0.8809579437497628,1.3649978462678012
710,0.3168008737953336,0.762710711515129,1.4992536909673932
356,0.31128294220399483,0.6847053837469782,1.3371053022595485
863,0.30325060646268076,0.7394710558291987,1.338614717858712
155,0.3078143924404312,0.6811633078987307,1.3685829824643072
213,0.3085207036730583,0.7528270032656739,1.3830003905859505
237,0.3542558318874109,0.6564639018344682,1.442285321026078
193,0.3056389516915832,0.7112664247520742,1.3789903921729885
936,0.341109113363118,0.8995957687338215,1.5617625433769486
35,0.28572023951280917,0.8564281011807438,1.4363186539606467
321,0.3308962198158874,0.8012659714309819,1.2560577362881413
135,0.3159299764562922,0.7537557097971543,1.359416730750394
788,0.29409508620034935,0.7088807756843881,1.5792839950084454
419,0.4018357296750649,0.6598391000414254,1.4455892579906422
683,0.3762711203846938,0.8068770955632063,1.2181422630670817
237,0.3542558318874109,0.6564639018344682,1.3329635041317105
322,0.29343456680917984,0.6994182840343922,1.5616821408084949
161,0.3393658972606341,0.48671952346792474,1.2867424983475395
919,0.33230986849407906,0.7339483456938033,1.4950403799576255
275,0.32334485689748843,0.7822591954059624,1.3420129362411224
189,0.28864016100858203,0.692345204862507,1.3970408738959095
820,0.28675491175491175,0.7149360577007994,1.2784846617058891
546,0.27425294004241374,0.6724714548349474,1.6710621906781
135,0.3159299764562922,0.7537557097971543,1.2887186450386448
576,0.27710478963941576,0.8061277923441663,1.3813022399915273
405,0.3155720182809966,0.8027198180144453,1.4261741314187426
728,0.276791775475986,0.646364391897458,1.3408175756297709
612,0.29687883676803345,0.7629412745347026,1.40423764538345
871,0.28716020821283983,0.6989209129394173,1.3402344341857881
675,0.3668204602415129,0.6689988272867208,1.2595773298375537
970,0.2800673011199327,0.6750314440259483,1.4344062466494216
710,0.3168008737953336,0.762710711515129,1.4031207852214609
55,0.3574334119612757,0.738068929735863,1.4712126573083684
612,0.29687883676803345,0.7629412745347026,1.546699820524535
651,0.32682675941189876,0.5097331488775582,1.3915673245206035
512,0.2767635872899031,0.7799238756057961,1.255611665151407
35,0.28572023951280917,0.8564281011807438,1.439379267642301
417,0.4067779096864969,0.7029751554506717,1.333357708325284
424,0.33869969040247677,0.6119044498001658,1.4526063046037
832,0.2920634920634921,0.6749246848451146,1.4208677713276219
305,0.4168546365914787,0.718450174670169,1.3262676580345145
422,0.44258723732407945,0.7089000011299426,1.273553749938205
569,0.3643080987956334,0.7959776864373957,1.5433911250175703
96,0.28232995075100337,0.6610727912709515,1.2147287473615442
882,0.29720338141390773,0.7377637357693902,1.2439785238119496
293,0.4331140158702485,0.7401673541758808,1.4606088231900038
467,0.31982038429406845,0.7414039712372792,1.3531252259576967
499,0.2904875825928458,0.6537294425720342,1.3451244849182322
919,0.33230986849407906,0.7339483456938033,1.568423192422627
377,0.3799270904534062,0.6942481169509856,1.5413721768225264
710,0.3168008737953336,0.762710711515129,1.4762016658620163
161,0.3393658972606341,0.48671952346792474,1.4163802927868991
963,0.3643626523489224,0.7043972125032082,1.3994884442352828
751,0.36821659162990433,0.7549026049751356,1.4474630124107504
983,0.3021324478754819,0.6843678287265993,1.5102679377868402
136,0.3018195793126541,0.734099337339367,1.6857404433883343
778,0.30180495097392607,0.8189965765537809,1.3893025757403379
779,0.34030131149244724,0.6728443987327308,1.377129770385993
746,0.3165964152806258,0.6457641440685371,1.387086986338727
552,0.33248082327029693,0.7469434310051284,1.5101007955569112
990,0.366322892793481,0.6663065849534443,1.2813040185823366
697,0.32486709197235514,0.568049013137399,1.3486076632867716
43,0.3206444140654667,0.7396937550890251,1.1794963517305683
424,0.33869969040247677,0.6119044498001658,1.2425258579646128
557,0.3085655314757482,0.6889315091277423,1.2772235380443127
343,0.2912237731489809,0.6084593500916918,1.2608404032960001
751,0.36821659162990433,0.7549026049751356,1.441713643651235
85,0.31659699314161555,0.6016263366536401,1.4928890171608473
678,0.3266286345233714,0.7381514258715157,1.326720017747076
417,0.4067779096864969,0.7029751554506717,1.2760697892550443
786,0.3070165945165945,0.7736944684389369,1.5316020655073606
550,0.2906052667662575,0.5811688567948314,1.3942148119457656
425,0.29694428378638904,0.741835863327571,1.4275167915769318
919,0.33230986849407906,0.7339483456938033,1.368547384709621
348,0.3122069451016819,0.618462472413732,1.344243520728463
920,0.27893597630439737,0.6475288354670847,1.3031930291396774
919,0.33230986849407906,0.7339483456938033,1.5963854862193545
676,0.2918538333012017,0.7740594228626129,1.3133434079377835
96,0.28232995075100337,0.6610727912709515,1.2765643788826524
890,0.30793442883226174,0.7753338236238384,1.268243030565177
855,0.28981354902407536,0.6451931508274332,1.5458568241760031
2,0.33314866112650043,0.7264066533438688,1.6922988674830388
557,0.3085655314757482,0.6889315091277423,1.5361112197660676
20,0.3528388278388278,0.6296371405677131,1.4570712385427942
779,0.34030131149244724,0.6728443987327308,1.2174707625917034
309,0.28218254913301355,0.8341161813591326,1.5486883930249191
115,0.2838872256054918,0.7807450553020455,1.3396961347280882
676,0.2918538333012017,0.7740594228626129,1.210191275131385
841,0.3386234637395628,0.7406675189719256,1.4768462002511378
309,0.28218254913301355,0.8341161813591326,1.3853137818445416
638,0.3037883169462117,0.6090078316151211,1.4340219632016549
316,0.2920320907163012,0.8233649615207226,1.2827543579395029
809,0.2981173968790068,0.7235542686297001,1.6388515483180384
513,0.32634217121751746,0.7936095554202561,1.2675985669186478
132,0.30680372259319627,0.7672152100586364,1.4045364238039408
228,0.3022683303154218,0.6883988326520813,1.25312119547072
935,0.3190476190476191,0.7507035224131006,1.7745982149003474
925,0.3979114452798663,0.6320016074460871,1.5123242054634252
588,0.27476427081690236,0.7543687718142518,1.3465274977006378
981,0.27875085440874914,0.6242980777010867,1.2270427591309518
180,0.28280809679701646,0.7110542390102256,1.3298945390297856
826,0.4099352846492435,0.8128511116217891,1.3923062218176425
935,0.3190476190476191,0.7507035224131006,1.3373015703962507
186,0.3289304272031989,0.7386425522083038,1.377035520046054
809,0.2981173968790068,0.7235542686297001,1.339584249571727
377,0.3799270904534062,0.6942481169509856,1.2462856143417576
523,0.278717627401838,0.5432985747873812,1.2894240154899974
564,0.29445087076666027,0.6102564938336553,1.5164566767042542
629,0.28960600802706066,0.7784562535796805,1.4916918039515654
740,0.35698671813222893,0.6254853323921802,1.2385038340175418
981,0.27875085440874914,0.6242980777010867,1.30341043021608
751,0.36821659162990433,0.7549026049751356,1.2224573685094484
683,0.3762711203846938,0.8068770955632063,1.437329423662189
292,0.41093643198906354,0.696024153037936,1.3703701407760427
612,0.29687883676803345,0.7629412745347026,1.2578579623832247
882,0.29720338141390773,0.7377637357693902,1.4069685019531715
871,0.28716020821283983,0.6989209129394173,1.2049045473899818
658,0.2832242319084424,0.6271555731105721,1.3035667199322654
469,0.3092276144907724,0.7651167269545545,1.3404516527218147
832,0.2920634920634921,0.6749246848451146,1.30421420750393
963,0.3643626523489224,0.7043972125032082,1.5101865284336033
488,0.3105889724310777,0.7595711126021236,1.4116787768871524
991,0.2886399376337457,0.7772450752019531,1.304664835607043
405,0.3155720182809966,0.8027198180144453,1.2652499982364647
25,0.28122301674933253,0.7687654320927512,1.7610814596356354
171,0.27688130582867426,0.7468452655364015,1.3851985757135181
754,0.2866959064327485,0.6986644695008128,1.3496764432424402
384,0.375598086124402,0.6780314783026241,1.1940671851832607
208,0.30688854489164086,0.7413939128304524,1.4478100721614724
549,0.32563321181742233,0.6918338977284143,1.553375971890569
779,0.34030131149244724,0.6728443987327308,1.3068520868000215
389,0.31990414985771026,0.7180082860655052,1.264884316605618
325,0.3619617224880383,0.7670638782873933,1.390397076030251
275,0.32334485689748843,0.7822591954059624,1.5930692935161435
849,0.2787071116018484,0.8254807995127481,1.3821806621353971
802,0.3381852911631305,0.7667681448520351,1.1706383715505326
186,0.3289304272031989,0.7386425522083038,1.3293279125368056
500,0.3156950390329892,0.7201927945657611,1.5485963975207973
629,0.28960600802706066,0.7784562535796805,1.3852305735666226
397,0.2841094577936683,0.7256477551240188,1.3904904366803592
43,0.3206444140654667,0.7396937550890251,1.3573486470673213
450,0.29122622733303843,0.7653287310656407,1.5282594838157104
420,0.2920491788912842,0.6719289652680459,1.2500530496063054
356,0.31128294220399483,0.6847053837469782,1.4012968894204036
572,0.3494907139643982,0.7265968916066241,1.5925088947500206
928,0.295718462823726,0.6126243433770917,1.4995225974008792
816,0.2758781423255107,0.7482819518623742,1.3086260763482005
249,0.2918964076858814,0.6446298769417937,1.3775648416851933
247,0.28826655800340006,0.7131597075322961,1.2719897776223077
710,0.3168008737953336,0.762710711515129,1.4100836766883893
136,0.3018195793126541,0.734099337339367,1.394308249590999
556,0.3211238323080428,0.7315073377232986,1.422797347088361
920,0.27893597630439737,0.6475288354670847,1.3071234899806556
43,0.3206444140654667,0.7396937550890251,1.3160379662823312
588,0.27476427081690236,0.7543687718142518,1.450461749934608
355,0.2864765659086989,0.6643753074022964,1.186848991553071
413,0.40824409508620035,0.6828503931985569,1.2458171244806697
590,0.3418812181970076,0.6324033999523796,1.3379550504028552
347,0.3670229495306894,0.8431476877430423,1.2385654645830486
193,0.3056389516915832,0.7112664247520742,1.2593921118507847
683,0.3762711203846938,0.8068770955632063,1.3639155289902718
826,0.4099352846492435,0.8128511116217891,1.6225198647043018
369,0.43562314878104347,0.6566006319882401,1.4773185042895491
527,0.35946639540822367,0.6859125170900422,1.3091690251845505
925,0.3979114452798663,0.6320016074460871,1.287941947151338
71,0.38871081211801434,0.6740270725326247,1.447665684667079
536,0.3198507632718159,0.7393759562017397,1.5443300401782243
171,0.27688130582867426,0.7468452655364015,1.4303019584005987
676,0.2918538333012017,0.7740594228626129,1.4836334495247636
369,0.43562314878104347,0.6566006319882401,1.5506385882038014
115,0.2838872256054918,0.7807450553020455,1.3960723146989222
983,0.3021324478754819,0.6843678287265993,1.6518256861780265
990,0.366322892793481,0.6663065849534443,1.3895712820912194
580,0.2963527700369806,0.6054829198403564,1.2303443697978114
653,0.29213659147869675,0.756714349259415,1.2741930699699198
687,0.3140471370734529,0.7272532436059806,1.3750676364916765
246,0.28042816316810126,0.7115538094455381,1.4188235301535534
527,0.35946639540822367,0.6859125170900422,1.2691663535740787
845,0.35262938046871567,0.6409833261002851,1.4230152510576917
487,0.291856097119255,0.6230216727933224,1.291588696812543
278,0.27781472913051863,0.7324939228377765,1.3841363264997484
958,0.3169657097288676,0.6790953949696978,1.1981471726444821
832,0.2920634920634921,0.6749246848451146,1.2940480969329493
912,0.329042749476186,0.7203905367510107,1.481792398175413
814,0.28668261562998404,0.5339967037930814,1.3102227008925875
607,0.2987794369373317,0.8358035012744196,1.4363016860068483
751,0.36821659162990433,0.7549026049751356,1.3534330249401634
687,0.3140471370734529,0.7272532436059806,1.5493002432054266
465,0.30224030355609305,0.783172117611916,1.349155377402472
861,0.2872533941806388,0.9032367793105855,1.4168561835714093
912,0.329042749476186,0.7203905367510107,1.2792856102475352
715,0.2921155944701651,0.8242510686758711,1.3422346610857738
22,0.29993120055039557,0.6031372393433593,1.484926432301914
746,0.3165964152806258,0.6457641440685371,1.3758621378261058
990,0.366322892793481,0.6663065849534443,1.4688479651321928
814,0.28668261562998404,0.5339967037930814,1.282141379790365
283,0.3062528422639226,0.6682574766842315,1.5637753102094882
419,0.4018357296750649,0.6598391000414254,1.4651645436950171
651,0.32682675941189876,0.5097331488775582,1.4596155455967885
358,0.276161995898838,0.6890292761531858,1.3997843157091485
823,0.3455188215637132,0.6144362037528976,1.4874803371491805
120,0.37301464694123976,0.8349843114540373,1.5586302887473633
527,0.35946639540822367,0.6859125170900422,1.2323483018159551
66,0.27634327045684387,0.888108009238992,1.5131976382382666
814,0.28668261562998404,0.5339967037930814,1.4759398468426348
612,0.29687883676803345,0.7629412745347026,1.4827682187837985
276,0.33957007904376324,0.7644655222663216,1.3518558834798946
113,0.3002230956178325,0.714736183560162,1.2875740037572776
956,0.2920398315135157,0.5167831197357244,1.457064164439212
525,0.28410931174089066,0.668966616180463,1.5099342472142168
871,0.28716020821283983,0.6989209129394173,1.5897830465554486
286,0.28139273007694066,0.6973575677525006,1.6947957392885318
563,0.3895405179615706,0.8242211170952741,1.8436299612616576
439,0.2740871787311415,0.8059674343300146,1.6313669519995406
278,0.27781472913051863,0.7324939228377765,1.4149768586079474
292,0.41093643198906354,0.696024153037936,1.251029349312145
552,0.33248082327029693,0.7469434310051284,1.3628424450742849
936,0.341109113363118,0.8995957687338215,1.4804293165384692
448,0.27786467918046864,0.7384692773988331,1.2346526646013187
990,0.366322892793481,0.6663065849534443,1.4873532910984462
529,0.3600836427074817,0.8183425828300178,1.409546278882978
527,0.35946639540822367,0.6859125170900422,1.3200180709656784
115,0.2838872256054918,0.7807450553020455,1.5208486034826232
303,0.31577519487736205,0.8809579437497628,1.3590684308419267
175,0.38075277125620377,0.7699834022935662,1.3280025173713763
126,0.3088554720133668,0.7439712866018356,1.2314497617016245
882,0.29720338141390773,0.7377637357693902,1.3327195821417892
935,0.3190476190476191,0.7507035224131006,1.453577282415683
527,0.35946639540822367,0.6859125170900422,1.3148630277887914
935,0.3190476190476191,0.7507035224131006,1.3051123324436191
322,0.29343456680917984,0.6994182840343922,1.4931358384522677
341,0.2817914351095129,0.5899221254370938,1.4298789382777073
836,0.417630899417603,0.7997676832743845,1.3576656362023483
590,0.3418812181970076,0.6324033999523796,1.264853522007989
802,0.3381852911631305,0.7667681448520351,1.4633147213205067
653,0.29213659147869675,0.756714349259415,1.3650685542741419
849,0.2787071116018484,0.8254807995127481,1.5056160599241892
220,0.294993894993895,0.6463675140661209,1.6083422150112474
293,0.4331140158702485,0.7401673541758808,1.6052141343212323
864,0.31785232311548106,0.557050486115561,1.3696377336172911
49,0.42546734483266996,0.7870522094623238,1.3423400464772997
860,0.2965073169366798,0.7056021312264122,1.4016439109342749
71,0.38871081211801434,0.6740270725326247,1.5678077015388114
35,0.28572023951280917,0.8564281011807438,1.1690085764403957
715,0.2921155944701651,0.8242510686758711,1.4868685127001324
832,0.2920634920634921,0.6749246848451146,1.376969031554887
465,0.30224030355609305,0.783172117611916,1.5455113728828145
991,0.2886399376337457,0.7772450752019531,1.3174238339797233
513,0.32634217121751746,0.7936095554202561,1.4294722987954818
904,0.3446372341109183,0.6477185562873813,1.3758954345080674
786,0.3070165945165945,0.7736944684389369,1.3763873009027652
546,0.27425294004241374,0.6724714548349474,1.3226747822987317
999,0.4439773323918672,0.7560247527223697,1.4324519955418646
435,0.2756870451529894,0.6333067756280512,1.2366574008413773
341,0.2817914351095129,0.5899221254370938,1.6065807093243296
710,0.3168008737953336,0.762710711515129,1.4204499637144286
86,0.36264057579847053,0.6816931937978434,1.233875269156932
678,0.3266286345233714,0.7381514258715157,1.6126901939830276
751,0.36821659162990433,0.7549026049751356,1.2786534476776352
754,0.2866959064327485,0.6986644695008128,1.3519875755296213
275,0.32334485689748843,0.7822591954059624,1.4233666015953315
879,0.291710001384924,0.6321877784498863,1.3675595789100834
861,0.2872533941806388,0.9032367793105855,1.2242201301343028
384,0.375598086124402,0.6780314783026241,1.4527880736957572
330,0.2879892037786775,0.764342489055549,1.3264179162082126
78,0.31968354143276745,0.6918512804126095,1.6347214731963366
751,0.36821659162990433,0.7549026049751356,1.3944837132251862
71,0.38871081211801434,0.6740270725326247,1.3097799360513835
126,0.3088554720133668,0.7439712866018356,1.3239742354771498
488,0.3105889724310777,0.7595711126021236,1.4723789806780367
439,0.2740871787311415,0.8059674343300146,1.3307538242802024
318,0.2843822843822844,0.6789615592993099,1.7339155903934627
691,0.39873821998435,0.687331250051462,1.296744746016209
25,0.28122301674933253,0.7687654320927512,1.335505542417819
920,0.27893597630439737,0.6475288354670847,1.264598032624837
330,0.2879892037786775,0.764342489055549,1.5492397022226267
546,0.27425294004241374,0.6724714548349474,1.2864353915334135
557,0.3085655314757482,0.6889315091277423,1.2118290931990812
228,0.3022683303154218,0.6883988326520813,1.3084544399239022
306,0.29030749951802587,0.6496366570432942,1.4469107019169611
161,0.3393658972606341,0.48671952346792474,1.2993158573749322
527,0.35946639540822367,0.6859125170900422,1.639006004198375
645,0.3231829573934837,0.6498168762511488,1.224280755033673
408,0.3658464342674869,0.7137609841353966,1.3648597903803916
786,0.3070165945165945,0.7736944684389369,1.297215244854025
958,0.3169657097288676,0.6790953949696978,1.2657934013437615
343,0.2912237731489809,0.6084593500916918,1.4597504379881272
758,0.356579112471561,0.7974923861023211,1.5023669667191837
693,0.3373899492320545,0.796594725675612,1.4953890405487942
592,0.35860959216222377,0.7572578018285867,1.266861652953303
823,0.3455188215637132,0.6144362037528976,1.278142388123165
549,0.32563321181742233,0.6918338977284143,1.2788678528793753
377,0.3799270904534062,0.6942481169509856,1.470504986293524
499,0.2904875825928458,0.6537294425720342,1.340108972958267
612,0.29687883676803345,0.7629412745347026,1.607663938782929
191,0.4068287362792007,0.7553090877543643,1.3780647118375928
697,0.32486709197235514,0.568049013137399,1.3200430423389053
636,0.2850175237559138,0.7252015900265611,1.3589905128567221
849,0.2787071116018484,0.8254807995127481,1.420058473162995
174,0.3566694729600058,0.6361892082467017,1.400342220268112
220,0.294993894993895,0.6463675140661209,1.5350486449911644
49,0.42546734483266996,0.7870522094623238,1.4816921334420226
779,0.34030131149244724,0.6728443987327308,1.3374779258227936
126,0.3088554720133668,0.7439712866018356,1.4071305541005434
722,0.33314317261685683,0.6742176652558346,1.4680764982926806
283,0.3062528422639226,0.6682574766842315,1.2368251457840065
355,0.2864765659086989,0.6643753074022964,1.2270944170088576
853,0.32179165863376386,0.74422393083213,1.3987686365259726
425,0.29694428378638904,0.741835863327571,1.439183247240502
879,0.291710001384924,0.6321877784498863,1.2739358218917871
928,0.295718462823726,0.6126243433770917,1.3119207831957007
999,0.4439773323918672,0.7560247527223697,1.3220364110786291
860,0.2965073169366798,0.7056021312264122,1.2884146135304508
21,0.35730672835936,0.6928335330604469,1.3260311382550585
325,0.3619617224880383,0.7670638782873933,1.725865601085921
678,0.3266286345233714,0.7381514258715157,1.3629047666036056
874,0.30000481974166177,0.701242406089321,1.253996813747605
804,0.4057367683915672,0.7208003131666827,1.2962620829638862
786,0.3070165945165945,0.7736944684389369,1.3856861564022118
417,0.4067779096864969,0.7029751554506717,1.266544706049606
607,0.2987794369373317,0.8358035012744196,1.201985340522178
634,0.4413989519252677,0.6400474317711492,1.3346603294897283
536,0.3198507632718159,0.7393759562017397,1.3609678486670294
890,0.30793442883226174,0.7753338236238384,1.3791172141192913
355,0.2864765659086989,0.6643753074022964,1.3541543932853293
557,0.3085655314757482,0.6889315091277423,1.3323093282761167
86,0.36264057579847053,0.6816931937978434,1.750861354908607
305,0.4168546365914787,0.718450174670169,1.7136109410845441
293,0.4331140158702485,0.7401673541758808,1.44312112488081
638,0.3037883169462117,0.6090078316151211,1.3587905464687682
691,0.39873821998435,0.687331250051462,1.3827027480060319
113,0.3002230956178325,0.714736183560162,1.493087169208599
572,0.3494907139643982,0.7265968916066241,1.4944381131197981
963,0.3643626523489224,0.7043972125032082,1.1690938545107104
161,0.3393658972606341,0.48671952346792474,1.4967969037064566
439,0.2740871787311415,0.8059674343300146,1.3628968654692697
292,0.41093643198906354,0.696024153037936,1.510808407440112
549,0.32563321181742233,0.6918338977284143,1.2884823756358712
96,0.28232995075100337,0.6610727912709515,1.2505298238545248
220,0.294993894993895,0.6463675140661209,1.3440188332023901
439,0.2740871787311415,0.8059674343300146,1.366090126737016
693,0.3373899492320545,0.796594725675612,1.493633027670615
439,0.2740871787311415,0.8059674343300146,1.3310475597082692
405,0.3155720182809966,0.8027198180144453,1.529731846769775
488,0.3105889724310777,0.7595711126021236,1.5040529452653137
419,0.4018357296750649,0.6598391000414254,1.4420349971258368
925,0.3979114452798663,0.6320016074460871,1.3093452997509534
984,0.2864774114774115,0.6969984034566572,1.4163098138129753
448,0.27786467918046864,0.7384692773988331,1.4378556557042848
85,0.31659699314161555,0.6016263366536401,1.36755159944745
431,0.3999828001375989,0.6807186057676504,1.326513638943086
734,0.3031449237127908,0.5868810872769538,1.3454591225001993
21,0.35730672835936,0.6928335330604469,1.376787781766726
389,0.31990414985771026,0.7180082860655052,1.3168758298811964
758,0.356579112471561,0.7974923861023211,1.4820724755690216
393,0.27898154477101844,0.8207392283345059,1.339406349654705
936,0.341109113363118,0.8995957687338215,1.3904298031420759
658,0.2832242319084424,0.6271555731105721,1.4005978146513423
377,0.3799270904534062,0.6942481169509856,1.2870034590198556
860,0.2965073169366798,0.7056021312264122,1.3614782392185785
85,0.31659699314161555,0.6016263366536401,1.3160744349779754
161,0.3393658972606341,0.48671952346792474,1.2585836567445183
605,0.3363811626969522,0.6542403572825428,1.3550143429800199
2,0.33314866112650043,0.7264066533438688,1.431489678845273
904,0.3446372341109183,0.6477185562873813,1.2766903194684291
345,0.2984078786710366,0.7387704138204136,1.5359692113734904
651,0.32682675941189876,0.5097331488775582,1.2535539532136257
208,0.30688854489164086,0.7413939128304524,1.3384823860177693
536,0.3198507632718159,0.7393759562017397,1.3390645365936964
956,0.2920398315135157,0.5167831197357244,1.19497511173912
556,0.3211238323080428,0.7315073377232986,1.5274773940684674
321,0.3308962198158874,0.8012659714309819,1.3891902593033771
734,0.3031449237127908,0.5868810872769538,1.2596318109435616
691,0.39873821998435,0.687331250051462,1.3675839590514522
832,0.2920634920634921,0.6749246848451146,1.8622960485711275
527,0.35946639540822367,0.6859125170900422,1.3449395677277907
12,0.311226930963773,0.7022515952624439,1.394475882697082
676,0.2918538333012017,0.7740594228626129,1.4332577672101152
228,0.3022683303154218,0.6883988326520813,1.2331223726486191
576,0.27710478963941576,0.8061277923441663,1.5625328977705712
400,0.34670214733143795,0.7473604716768714,1.3431829630818473
435,0.2756870451529894,0.6333067756280512,1.6632234204248972
990,0.366322892793481,0.6663065849534443,1.338787681637119
590,0.3418812181970076,0.6324033999523796,1.392549393961606
20,0.3528388278388278,0.6296371405677131,1.1881303373381837
345,0.2984078786710366,0.7387704138204136,1.5298274081906664
990,0.366322892793481,0.6663065849534443,1.246834041268005
733,0.30793241845873426,0.9134169818136463,1.5056137071028162
249,0.2918964076858814,0.6446298769417937,1.3238983501724
823,0.3455188215637132,0.6144362037528976,1.4137829621892237
347,0.3670229495306894,0.8431476877430423,1.1553170351152506
276,0.33957007904376324,0.7644655222663216,1.2754194190676362
536,0.3198507632718159,0.7393759562017397,1.6368117360345602
322,0.29343456680917984,0.6994182840343922,1.5386966396780815
728,0.276791775475986,0.646364391897458,1.4620739441688126
683,0.3762711203846938,0.8068770955632063,1.418484626607941
208,0.30688854489164086,0.7413939128304524,1.2739366615025578
874,0.30000481974166177,0.701242406089321,1.3128891891884025
841,0.3386234637395628,0.7406675189719256,1.4951995647699374
126,0.3088554720133668,0.7439712866018356,1.2673571205175114
488,0.3105889724310777,0.7595711126021236,1.3085641620306898
117,0.29997721576668945,0.6991414642599598,1.3664836828811717
469,0.3092276144907724,0.7651167269545545,1.379094475376123
435,0.2756870451529894,0.6333067756280512,1.4947552922273348
400,0.34670214733143795,0.7473604716768714,1.4729087044500822
420,0.2920491788912842,0.6719289652680459,1.211179811612664
375,0.28979576133315743,0.7508528848649143,1.6949758728067537
651,0.32682675941189876,0.5097331488775582,1.3622032828773774
81,0.325259449872453,0.6434569885180348,1.4530616189596568
674,0.43844146050028404,0.7186475252435939,1.4735785129646826
303,0.31577519487736205,0.8809579437497628,1.4716772125046425
316,0.2920320907163012,0.8233649615207226,1.3986320145862663
422,0.44258723732407945,0.7089000011299426,1.3441577885757765
408,0.3658464342674869,0.7137609841353966,1.3699611258994624
377,0.3799270904534062,0.6942481169509856,1.344744604831934
849,0.2787071116018484,0.8254807995127481,1.496311334461456
629,0.28960600802706066,0.7784562535796805,1.46358346882638
277,0.29315713526239834,0.778554368968481,1.235522148206648
117,0.29997721576668945,0.6991414642599598,1.4704135811661472
557,0.3085655314757482,0.6889315091277423,1.4363611763923987
898,0.27399749373433585,0.7756537038145104,1.2614706802111486
768,0.30155633839844365,0.7047722607405733,1.3308494479354722
843,0.3047036425906395,0.8322449423486386,1.6041913876358365
823,0.3455188215637132,0.6144362037528976,1.5374656435207708
425,0.29694428378638904,0.741835863327571,1.3352982487506027
59,0.28312491601965284,0.5941858258256218,1.2265170058922041
20,0.3528388278388278,0.6296371405677131,1.2109080055410955
925,0.3979114452798663,0.6320016074460871,1.7625904046955203
814,0.28668261562998404,0.5339967037930814,1.3317854154971265
862,0.35498974709501024,0.6750998327336125,1.4123569039257016
912,0.329042749476186,0.7203905367510107,1.537250812969175
751,0.36821659162990433,0.7549026049751356,1.4232485221487219
862,0.35498974709501024,0.6750998327336125,1.3325979500588976
912,0.329042749476186,0.7203905367510107,1.4282103527959509
356,0.31128294220399483,0.6847053837469782,1.4834502192252876
991,0.2886399376337457,0.7772450752019531,1.428654258175428
415,0.30336826915774284,0.6533016793915857,1.233483519187105
431,0.3999828001375989,0.6807186057676504,1.363616925538446
732,0.282550078060914,0.6914359384085144,1.2627828590409809
638,0.3037883169462117,0.6090078316151211,1.688063435719196
811,0.2746354522670312,0.6967839889593025,1.4672742760403423
768,0.30155633839844365,0.7047722607405733,1.3165767013093945
566,0.3046293964576513,0.6993311249735965,1.178646469374818
572,0.3494907139643982,0.7265968916066241,1.308999854896097
590,0.3418812181970076,0.6324033999523796,1.5809595041146969
788,0.29409508620034935,0.7088807756843881,1.3060429789934167
823,0.3455188215637132,0.6144362037528976,1.3613140797880035
546,0.27425294004241374,0.6724714548349474,1.4866278826863906
405,0.3155720182809966,0.8027198180144453,1.2263275907632087
999,0.4439773323918672,0.7560247527223697,1.3738570502231768
861,0.2872533941806388,0.9032367793105855,1.3364122378748302
199,0.2940156334893177,0.6404761490912538,1.4923271523504684
991,0.2886399376337457,0.7772450752019531,1.3770912815404663
651,0.32682675941189876,0.5097331488775582,1.337439476475541
467,0.31982038429406845,0.7414039712372792,1.314824946625497
278,0.27781472913051863,0.7324939228377765,1.3359757138684114
544,0.3391155284344139,0.748774184117168,1.3867253252844811
500,0.3156950390329892,0.7201927945657611,1.331012266461377
564,0.29445087076666027,0.6102564938336553,1.4183845964299426
580,0.2963527700369806,0.6054829198403564,1.2817990268105837
675,0.3668204602415129,0.6689988272867208,1.3219025818176346
758,0.356579112471561,0.7974923861023211,1.3297048761918768
849,0.2787071116018484,0.8254807995127481,1.5110149494052816
422,0.44258723732407945,0.7089000011299426,1.2690016013412175
318,0.2843822843822844,0.6789615592993099,1.2171894917984294
405,0.3155720182809966,0.8027198180144453,1.5632099609390115
871,0.28716020821283983,0.6989209129394173,1.6304211462127
199,0.2940156334893177,0.6404761490912538,1.5074083103999183
844,0.38067765567765566,0.6609316024471167,1.3542132248772676
283,0.3062528422639226,0.6682574766842315,1.4767528961281082
564,0.29445087076666027,0.6102564938336553,1.2463452153850245
319,0.2916441745389114,0.7772024504846318,1.5512987176799609
814,0.28668261562998404,0.5339967037930814,1.434988962401708
193,0.3056389516915832,0.7112664247520742,1.3379417728301997
525,0.28410931174089066,0.668966616180463,1.2711225839643043
363,0.3503799605966788,0.7037558382729547,1.2855959760747457
809,0.2981173968790068,0.7235542686297001,1.515322689383698
496,0.33017012227538545,0.7339251994564029,1.367723000565169
556,0.3211238323080428,0.7315073377232986,1.4861984971663817
136,0.3018195793126541,0.734099337339367,1.4486536147561886
546,0.27425294004241374,0.6724714548349474,1.3871456390178178
343,0.2912237731489809,0.6084593500916918,1.3349536730572518
74,0.35119416187527647,0.7201650079791122,1.433056445360015
956,0.2920398315135157,0.5167831197357244,1.2889245705317067
362,0.27985683906736536,0.7341092535374913,1.3563898026971009
306,0.29030749951802587,0.6496366570432942,1.3555607078206942
313,0.3922884133410449,0.6191293989025392,1.2806989468113141
420,0.2920491788912842,0.6719289652680459,1.4125102236121703
469,0.3092276144907724,0.7651167269545545,1.246383980928177
802,0.3381852911631305,0.7667681448520351,1.376123859830144
115,0.2838872256054918,0.7807450553020455,1.2646164817957426
890,0.30793442883226174,0.7753338236238384,1.372234020466775
778,0.30180495097392607,0.8189965765537809,1.385653187254312
970,0.2800673011199327,0.6750314440259483,1.3539620413063822
59,0.28312491601965284,0.5941858258256218,1.3742741945742032
220,0.294993894993895,0.6463675140661209,1.447145832146575
832,0.2920634920634921,0.6749246848451146,1.3842330576431041
43,0.3206444140654667,0.7396937550890251,1.2454045505689078
356,0.31128294220399483,0.6847053837469782,1.312149297814127
991,0.2886399376337457,0.7772450752019531,1.2342797313250837
53,0.3194047180889286,0.5992922062410807,1.304564502303055
845,0.35262938046871567,0.6409833261002851,1.354389639105713
508,0.29816776790460997,0.7380788977766094,1.6135074598875287
237,0.3542558318874109,0.6564639018344682,1.4187453445576774
552,0.33248082327029693,0.7469434310051284,1.283100008946466
465,0.30224030355609305,0.783172117611916,1.579877222713766
746,0.3165964152806258,0.6457641440685371,1.2509292574763535
439,0.2740871787311415,0.8059674343300146,1.618194651814954
740,0.35698671813222893,0.6254853323921802,1.4014324043877238
841,0.3386234637395628,0.7406675189719256,1.3370741451261245
316,0.2920320907163012,0.8233649615207226,1.3080738842431274
465,0.30224030355609305,0.783172117611916,1.3816054934868758
832,0.2920634920634921,0.6749246848451146,1.2695180638778916
746,0.3165964152806258,0.6457641440685371,1.4386867902318996
161,0.3393658972606341,0.48671952346792474,1.3539573495843826
103,0.27551483604115184,0.7680419866914483,1.2946324813903864
345,0.2984078786710366,0.7387704138204136,1.2827490581968055
86,0.36264057579847053,0.6816931937978434,1.3899437640158967
425,0.29694428378638904,0.741835863327571,1.4829618793803065
397,0.2841094577936683,0.7256477551240188,1.2579791381109984
576,0.27710478963941576,0.8061277923441663,1.456945447102334
193,0.3056389516915832,0.7112664247520742,1.2584838498321076
78,0.31968354143276745,0.6918512804126095,1.178316977999253
935,0.3190476190476191,0.7507035224131006,1.614280965118862
513,0.32634217121751746,0.7936095554202561,1.4790926285780182
525,0.28410931174089066,0.668966616180463,1.436079204106071
175,0.38075277125620377,0.7699834022935662,1.7381901521178407
849,0.2787071116018484,0.8254807995127481,1.5560843629023828
400,0.34670214733143795,0.7473604716768714,1.378917175474703
401,0.2960691201688432,0.6714162652157163,1.2352662951718858
563,0.3895405179615706,0.8242211170952741,1.5158502585411628
66,0.27634327045684387,0.888108009238992,1.3904692477697331
306,0.29030749951802587,0.6496366570432942,1.485797645944722
275,0.32334485689748843,0.7822591954059624,1.4471651371760659
826,0.4099352846492435,0.8128511116217891,1.6593347859364016
983,0.3021324478754819,0.6843678287265993,1.3232046889099582
868,0.3717075021641585,0.5836281298338869,1.3190157549342834
431,0.3999828001375989,0.6807186057676504,1.4056160060104048
882,0.29720338141390773,0.7377637357693902,1.5338331542980501
155,0.3078143924404312,0.6811633078987307,1.2608798895992221
634,0.4413989519252677,0.6400474317711492,1.3599873230903743
247,0.28826655800340006,0.7131597075322961,1.3733494131114337
520,0.453721025050665,0.5788498598748218,1.61409613945857
25,0.28122301674933253,0.7687654320927512,1.415121341158317
697,0.32486709197235514,0.568049013137399,1.3588216103515245
862,0.35498974709501024,0.6750998327336125,1.3486779580656576
958,0.3169657097288676,0.6790953949696978,1.3867651901223126
12,0.311226930963773,0.7022515952624439,1.2949369064212957
576,0.27710478963941576,0.8061277923441663,1.2888919422259562
572,0.3494907139643982,0.7265968916066241,1.7188947594942452
213,0.3085207036730583,0.7528270032656739,1.4572381439707573
984,0.2864774114774115,0.6969984034566572,1.5093138538165158
496,0.33017012227538545,0.7339251994564029,1.3202270915965053
420,0.2920491788912842,0.6719289652680459,1.176942812753949
318,0.2843822843822844,0.6789615592993099,1.4494639043652964
246,0.28042816316810126,0.7115538094455381,1.375642846481064
113,0.3002230956178325,0.714736183560162,1.496553680092054
981,0.27875085440874914,0.6242980777010867,1.3035061367456304
804,0.4057367683915672,0.7208003131666827,1.3854260894229944
171,0.27688130582867426,0.7468452655364015,1.3152453589017037
43,0.3206444140654667,0.7396937550890251,1.289051069119322
316,0.2920320907163012,0.8233649615207226,1.2219901131115294
413,0.40824409508620035,0.6828503931985569,1.3158912314867492
844,0.38067765567765566,0.6609316024471167,1.4498662465765146
132,0.30680372259319627,0.7672152100586364,1.594767153655777
171,0.27688130582867426,0.7468452655364015,1.4518631869056688
783,0.3153584719374193,0.6380027672515546,1.4273413948328533
808,0.39200930648299065,0.6531702555501662,1.362079461975882
375,0.28979576133315743,0.7508528848649143,1.3775189646190222
282,0.3477984176126591,0.7072473065141669,1.4454454784154682
440,0.28417255259360524,0.6921321335421508,1.37781916334593
86,0.36264057579847053,0.6816931937978434,1.4781331013300367
487,0.291856097119255,0.6230216727933224,1.1906219148270436
126,0.3088554720133668,0.7439712866018356,1.5765304737096495
820,0.28675491175491175,0.7149360577007994,1.406823294658371
512,0.2767635872899031,0.7799238756057961,1.3400272285863952
936,0.341109113363118,0.8995957687338215,1.3496271329260374
904,0.3446372341109183,0.6477185562873813,1.281047724500147
448,0.27786467918046864,0.7384692773988331,1.304771821284356
904,0.3446372341109183,0.6477185562873813,1.5835349590676173
467,0.31982038429406845,0.7414039712372792,1.8656011450332908
329,0.28800044984255513,0.6830726729510325,1.5404716513468195
549,0.32563321181742233,0.6918338977284143,1.3435752787114115
928,0.295718462823726,0.6126243433770917,1.3248415094872439
849,0.2787071116018484,0.8254807995127481,1.7384268924359139
74,0.35119416187527647,0.7201650079791122,1.4481232035014144
590,0.3418812181970076,0.6324033999523796,1.54043566929194
864,0.31785232311548106,0.557050486115561,1.3039345570085588
286,0.28139273007694066,0.6973575677525006,1.3580094898055315
186,0.3289304272031989,0.7386425522083038,1.5009209602000435
904,0.3446372341109183,0.6477185562873813,1.455535314167647
415,0.30336826915774284,0.6533016793915857,1.343901952435532
981,0.27875085440874914,0.6242980777010867,1.2887160712889665
191,0.4068287362792007,0.7553090877543643,1.5843591767508853
126,0.3088554720133668,0.7439712866018356,1.4731940482949324
377,0.3799270904534062,0.6942481169509856,1.2950437761460045
519,0.2944551234798912,0.8304284655215344,1.395030751821177
699,0.3279970760233918,0.7099266646328783,1.3533237994789722
53,0.3194047180889286,0.5992922062410807,1.3773210273735845
74,0.35119416187527647,0.7201650079791122,1.4441663636740305
775,0.32735642840132,0.6904978259164395,1.4008136672817737
863,0.30325060646268076,0.7394710558291987,1.2861555630577872
879,0.291710001384924,0.6321877784498863,1.304900079546254
78,0.31968354143276745,0.6918512804126095,1.2238508407750632
778,0.30180495097392607,0.8189965765537809,1.3698455093504636
527,0.35946639540822367,0.6859125170900422,1.254067032914792
920,0.27893597630439737,0.6475288354670847,1.7461725862478272
361,0.2862953953511229,0.7890606727716059,1.6849605271355002
329,0.28800044984255513,0.6830726729510325,1.42373866533772
20,0.3528388278388278,0.6296371405677131,1.4974649519555685
345,0.2984078786710366,0.7387704138204136,1.3505948115547568
710,0.3168008737953336,0.762710711515129,1.3943650396037561
898,0.27399749373433585,0.7756537038145104,1.1724126439045701
348,0.3122069451016819,0.618462472413732,1.643192556146855
347,0.3670229495306894,0.8431476877430423,1.5239783149566821
66,0.27634327045684387,0.888108009238992,1.41381387337788
191,0.4068287362792007,0.7553090877543643,1.3245734687929436
634,0.4413989519252677,0.6400474317711492,1.312471950774844
984,0.2864774114774115,0.6969984034566572,1.5766229371324008
35,0.28572023951280917,0.8564281011807438,1.5689325084631087
306,0.29030749951802587,0.6496366570432942,1.459811810657793
278,0.27781472913051863,0.7324939228377765,1.447261462492366
506,0.3315308100911816,0.6295208707175193,1.5671048320587975
733,0.30793241845873426,0.9134169818136463,1.3729331387778787
325,0.3619617224880383,0.7670638782873933,1.3651423236712381
590,0.3418812181970076,0.6324033999523796,1.5886588973720803
473,0.27708212839791785,0.6698925519068544,1.3507614465501014
322,0.29343456680917984,0.6994182840343922,1.4267302067064758
612,0.29687883676803345,0.7629412745347026,1.5362322135523694
440,0.28417255259360524,0.6921321335421508,1.7317469880590484
363,0.3503799605966788,0.7037558382729547,1.4572212510011342
890,0.30793442883226174,0.7753338236238384,1.6736677547567047
925,0.3979114452798663,0.6320016074460871,1.419801131952218
572,0.3494907139643982,0.7265968916066241,1.4124263611083596
871,0.28716020821283983,0.6989209129394173,1.430348671936614
303,0.31577519487736205,0.8809579437497628,1.4492985307019834
180,0.28280809679701646,0.7110542390102256,1.2307440549593798
85,0.31659699314161555,0.6016263366536401,1.348511252146666
283,0.3062528422639226,0.6682574766842315,1.557233084122288
293,0.4331140158702485,0.7401673541758808,1.196995448676511
240,0.2832272990167727,0.674617470516067,1.4359942414953768
126,0.3088554720133668,0.7439712866018356,1.3797265407831483
193,0.3056389516915832,0.7112664247520742,1.2935567906259688
693,0.3373899492320545,0.796594725675612,1.3765963583118719
450,0.29122622733303843,0.7653287310656407,1.4149831732330074
754,0.2866959064327485,0.6986644695008128,1.2732097842621306
936,0.341109113363118,0.8995957687338215,1.4720622607274858
117,0.29997721576668945,0.6991414642599598,1.6363941547951641
550,0.2906052667662575,0.5811688567948314,1.47722765198209
844,0.38067765567765566,0.6609316024471167,1.3062450893879054
174,0.3566694729600058,0.6361892082467017,1.2226657547683581
213,0.3085207036730583,0.7528270032656739,1.40769772647547
580,0.2963527700369806,0.6054829198403564,1.259325989244128
871,0.28716020821283983,0.6989209129394173,1.4681490020719736
96,0.28232995075100337,0.6610727912709515,1.499669863976892
820,0.28675491175491175,0.7149360577007994,1.3097169576998182
249,0.2918964076858814,0.6446298769417937,1.2546699999618718
189,0.28864016100858203,0.692345204862507,1.2947910245600325
193,0.3056389516915832,0.7112664247520742,1.4559202822208794
928,0.295718462823726,0.6126243433770917,1.2829996704409266
871,0.28716020821283983,0.6989209129394173,1.215040540813243
963,0.3643626523489224,0.7043972125032082,1.2566726200671556
361,0.2862953953511229,0.7890606727716059,1.3072703837370232
786,0.3070165945165945,0.7736944684389369,1.4600971455733738
43,0.3206444140654667,0.7396937550890251,1.452215648871031
658,0.2832242319084424,0.6271555731105721,1.2279129566526865
963,0.3643626523489224,0.7043972125032082,1.3639809485207979
448,0.27786467918046864,0.7384692773988331,1.484414309053896
193,0.3056389516915832,0.7112664247520742,1.358820613215664
174,0.3566694729600058,0.6361892082467017,1.251853493935289
43,0.3206444140654667,0.7396937550890251,1.498218933463607
247,0.28826655800340006,0.7131597075322961,1.2402764061004066
329,0.28800044984255513,0.6830726729510325,1.2697658548175816
415,0.30336826915774284,0.6533016793915857,1.2972230610212665
469,0.3092276144907724,0.7651167269545545,1.2143056271233132
512,0.2767635872899031,0.7799238756057961,1.324027725185882
169,0.2809674878896847,0.7985146889890321,1.3090637707892643
440,0.28417255259360524,0.6921321335421508,1.5727933136926582
898,0.27399749373433585,0.7756537038145104,1.2721663540492962
811,0.2746354522670312,0.6967839889593025,1.241762091804713
309,0.28218254913301355,0.8341161813591326,1.4498321865880524
405,0.3155720182809966,0.8027198180144453,1.452871468570823
751,0.36821659162990433,0.7549026049751356,1.7073481604267653
320,0.29393435511856564,0.7156942054813941,1.5383985692986368
710,0.3168008737953336,0.762710711515129,1.4022808182518336
999,0.4439773323918672,0.7560247527223697,1.2980185162609765
66,0.27634327045684387,0.888108009238992,1.3057189480352565
322,0.29343456680917984,0.6994182840343922,1.3409055388163778
199,0.2940156334893177,0.6404761490912538,1.2900513619772254
861,0.2872533941806388,0.9032367793105855,1.5291800269048723
683,0.3762711203846938,0.8068770955632063,1.5050260840961258
572,0.3494907139643982,0.7265968916066241,1.4556243364654229
319,0.2916441745389114,0.7772024504846318,1.4210644225017837
83,0.41015122648249586,0.6885657065255222,1.2418577090501102
393,0.27898154477101844,0.8207392283345059,1.458808368467476
249,0.2918964076858814,0.6446298769417937,1.1800174845673868
473,0.27708212839791785,0.6698925519068544,1.2815662266597447
943,0.27802840434419385,0.6636110475366862,1.4163935754110666
303,0.31577519487736205,0.8809579437497628,1.3609057559156368
393,0.27898154477101844,0.8207392283345059,1.3509597167659528
125,0.2921730162727393,0.7620646045541847,1.303440289919112
199,0.2940156334893177,0.6404761490912538,1.4483393856549496
431,0.3999828001375989,0.6807186057676504,1.5942013562817965
78,0.31968354143276745,0.6918512804126095,1.3405931163301568
322,0.29343456680917984,0.6994182840343922,1.5380183708291315
180,0.28280809679701646,0.7110542390102256,1.4379137950050365
413,0.40824409508620035,0.6828503931985569,1.5453273624628667
990,0.366322892793481,0.6663065849534443,1.1923176465910623
519,0.2944551234798912,0.8304284655215344,1.4441945425145428
96,0.28232995075100337,0.6610727912709515,1.4025019313442
915,0.30509446693657216,0.5508129499029568,1.328393785676675
228,0.3022683303154218,0.6883988326520813,1.3297712214419644
863,0.30325060646268076,0.7394710558291987,1.342774429893697
588,0.27476427081690236,0.7543687718142518,1.5245003748406782
874,0.30000481974166177,0.701242406089321,1.3974269237006016
820,0.28675491175491175,0.7149360577007994,1.2840537638201943
919,0.33230986849407906,0.7339483456938033,1.6078242683626986
276,0.33957007904376324,0.7644655222663216,1.3028121381040136
174,0.3566694729600058,0.6361892082467017,1.2456983498738465
898,0.27399749373433585,0.7756537038145104,1.4366066710922452
592,0.35860959216222377,0.7572578018285867,1.350368442153295
566,0.3046293964576513,0.6993311249735965,1.3501430640496914
912,0.329042749476186,0.7203905367510107,1.665057016825727
674,0.43844146050028404,0.7186475252435939,1.527140764177097
879,0.291710001384924,0.6321877784498863,1.3980034062959146
915,0.30509446693657216,0.5508129499029568,1.39320799925207
981,0.27875085440874914,0.6242980777010867,1.3720471880219005
697,0.32486709197235514,0.568049013137399,1.4022093639207487
473,0.27708212839791785,0.6698925519068544,1.2815786983071547
915,0.30509446693657216,0.5508129499029568,1.3221659627346827
808,0.39200930648299065,0.6531702555501662,1.468513288439265
397,0.2841094577936683,0.7256477551240188,1.4107497096956305
826,0.4099352846492435,0.8128511116217891,1.5424497245081554
22,0.29993120055039557,0.6031372393433593,1.3593822432839258
629,0.28960600802706066,0.7784562535796805,1.3070145500864803
768,0.30155633839844365,0.7047722607405733,1.5377202667587488
710,0.3168008737953336,0.762710711515129,1.3717916889079946
275,0.32334485689748843,0.7822591954059624,1.3534852657557406
351,0.29938482570061514,0.7561481571506806,1.5692141800976318
362,0.27985683906736536,0.7341092535374913,1.5221786196268186
377,0.3799270904534062,0.6942481169509856,1.294402579373672
473,0.27708212839791785,0.6698925519068544,1.281748619621897
450,0.29122622733303843,0.7653287310656407,1.2153831915995317
361,0.2862953953511229,0.7890606727716059,1.3392067121045228
634,0.4413989519252677,0.6400474317711492,1.2195543336732935
292,0.41093643198906354,0.696024153037936,1.3600258339313058
362,0.27985683906736536,0.7341092535374913,1.303363979953482
550,0.2906052667662575,0.5811688567948314,1.3605878381266503
754,0.2866959064327485,0.6986644695008128,1.4075594702884358
463,0.3486063643958381,0.6251067789863035,1.3814136324223742
550,0.2906052667662575,0.5811688567948314,1.336447380326528
576,0.27710478963941576,0.8061277923441663,1.4852902945926618
90,0.29269385585175056,0.6322657374876415,1.4116086607833738
499,0.2904875825928458,0.6537294425720342,1.3211488766728767
943,0.27802840434419385,0.6636110475366862,1.3201242264335225
375,0.28979576133315743,0.7508528848649143,1.3226682259509743
369,0.43562314878104347,0.6566006319882401,1.685190074889627
983,0.3021324478754819,0.6843678287265993,1.324701142926795
330,0.2879892037786775,0.764342489055549,1.3763194928676914
754,0.2866959064327485,0.6986644695008128,1.3932497510826412
135,0.3159299764562922,0.7537557097971543,1.5510000625188824
855,0.28981354902407536,0.6451931508274332,1.5001935002672526
653,0.29213659147869675,0.756714349259415,1.3032282405032312
313,0.3922884133410449,0.6191293989025392,1.466329470250722
820,0.28675491175491175,0.7149360577007994,1.2727129626420333
180,0.28280809679701646,0.7110542390102256,1.4015919908975625
862,0.35498974709501024,0.6750998327336125,1.288023943374033
330,0.2879892037786775,0.764342489055549,1.2863891469970599
356,0.31128294220399483,0.6847053837469782,1.4521029351439443
823,0.3455188215637132,0.6144362037528976,1.4650896903000417
465,0.30224030355609305,0.783172117611916,1.526490550122242
990,0.366322892793481,0.6663065849534443,1.2204267804086695
316,0.2920320907163012,0.8233649615207226,1.2676873765837269
208,0.30688854489164086,0.7413939128304524,1.2561878671296065
115,0.2838872256054918,0.7807450553020455,1.333330643082512
563,0.3895405179615706,0.8242211170952741,1.2939762662142884
569,0.3643080987956334,0.7959776864373957,1.3955472502620676
956,0.2920398315135157,0.5167831197357244,1.5921930400706468
826,0.4099352846492435,0.8128511116217891,1.400523697323019
645,0.3231829573934837,0.6498168762511488,1.319552893544398
775,0.32735642840132,0.6904978259164395,1.397102485796078
778,0.30180495097392607,0.8189965765537809,1.439856488855306
576,0.27710478963941576,0.8061277923441663,1.3680301402797557
425,0.29694428378638904,0.741835863327571,1.4677871956477073
860,0.2965073169366798,0.7056021312264122,1.4957693901386881
520,0.453721025050665,0.5788498598748218,1.396027672072358
424,0.33869969040247677,0.6119044498001658,1.3390914463962083
351,0.29938482570061514,0.7561481571506806,1.2638974182269502
71,0.38871081211801434,0.6740270725326247,1.2743127726389432
43,0.3206444140654667,0.7396937550890251,1.37298314517725
20,0.3528388278388278,0.6296371405677131,1.596839706022311
318,0.2843822843822844,0.6789615592993099,1.6323838897801832
734,0.3031449237127908,0.5868810872769538,1.2656324482307706
369,0.43562314878104347,0.6566006319882401,1.30483131783031
751,0.36821659162990433,0.7549026049751356,1.4260611942839376
566,0.3046293964576513,0.6993311249735965,1.4769054103273183
186,0.3289304272031989,0.7386425522083038,1.3368090328325488
779,0.34030131149244724,0.6728443987327308,1.327079897589391
863,0.30325060646268076,0.7394710558291987,1.3909504633591596
348,0.3122069451016819,0.618462472413732,1.227229433487567
862,0.35498974709501024,0.6750998327336125,1.4457591072995442
751,0.36821659162990433,0.7549026049751356,1.3597433537045585
943,0.27802840434419385,0.6636110475366862,1.4287496742159014
431,0.3999828001375989,0.6807186057676504,1.5692018550947433
292,0.41093643198906354,0.696024153037936,1.1632125179577675
849,0.2787071116018484,0.8254807995127481,1.4743055898931174
343,0.2912237731489809,0.6084593500916918,1.3316490539468038
306,0.29030749951802587,0.6496366570432942,1.4125355071461336
999,0.4439773323918672,0.7560247527223697,1.3312747550734179
513,0.32634217121751746,0.7936095554202561,1.3583536910512004
351,0.29938482570061514,0.7561481571506806,1.4872671846662464
329,0.28800044984255513,0.6830726729510325,1.5402962509638345
400,0.34670214733143795,0.7473604716768714,1.3697632222473077
113,0.3002230956178325,0.714736183560162,1.2925762576485107
348,0.3122069451016819,0.618462472413732,1.7984959423005273
375,0.28979576133315743,0.7508528848649143,1.5602449336206243
882,0.29720338141390773,0.7377637357693902,1.2975966036274282
358,0.276161995898838,0.6890292761531858,1.4536499047401947
377,0.3799270904534062,0.6942481169509856,1.2622746878006499
841,0.3386234637395628,0.7406675189719256,1.355802919804752
920,0.27893597630439737,0.6475288354670847,1.4796560364115883
465,0.30224030355609305,0.783172117611916,1.6217108707078625
55,0.3574334119612757,0.738068929735863,1.4360435388646815
424,0.33869969040247677,0.6119044498001658,1.3735177207970803
697,0.32486709197235514,0.568049013137399,1.2122811921577783
78,0.31968354143276745,0.6918512804126095,1.5686014110001754
592,0.35860959216222377,0.7572578018285867,1.378435100707501
616,0.3042571463624095,0.7038510607663657,1.2837376142967056
276,0.33957007904376324,0.7644655222663216,1.6084691414331869
676,0.2918538333012017,0.7740594228626129,1.4166259698343708
318,0.2843822843822844,0.6789615592993099,1.3726069995137054
384,0.375598086124402,0.6780314783026241,1.6155319026107693
804,0.4057367683915672,0.7208003131666827,1.412234029319101
199,0.2940156334893177,0.6404761490912538,1.352679557720978
277,0.29315713526239834,0.778554368968481,1.3693095560434994
249,0.2918964076858814,0.6446298769417937,1.3823647979472735
928,0.295718462823726,0.6126243433770917,1.5717567770274516
768,0.30155633839844365,0.7047722607405733,1.2597506631223057
778,0.30180495097392607,0.8189965765537809,1.6299309969412292
283,0.3062528422639226,0.6682574766842315,1.7690876600693568
293,0.4331140158702485,0.7401673541758808,1.2209210911301152
616,0.3042571463624095,0.7038510607663657,1.2538117034781977
316,0.2920320907163012,0.8233649615207226,1.2265173941356324
882,0.29720338141390773,0.7377637357693902,1.4562407036067309
500,0.3156950390329892,0.7201927945657611,1.4783536533102823
425,0.29694428378638904,0.741835863327571,1.5219986453797705
420,0.2920491788912842,0.6719289652680459,1.1886076897097426
637,0.29032933011261186,0.7130812398217591,1.3746891928228555
329,0.28800044984255513,0.6830726729510325,1.5263332681782555
384,0.375598086124402,0.6780314783026241,1.2704708469258572
345,0.2984078786710366,0.7387704138204136,1.416206639684784
276,0.33957007904376324,0.7644655222663216,1.3596301531199189
778,0.30180495097392607,0.8189965765537809,1.3092005630959003
83,0.41015122648249586,0.6885657065255222,1.3253947503753993
135,0.3159299764562922,0.7537557097971543,1.4246105547264798
566,0.3046293964576513,0.6993311249735965,1.4348868474421994
868,0.3717075021641585,0.5836281298338869,1.4217270603681567
393,0.27898154477101844,0.8207392283345059,1.5805161446887424
488,0.3105889724310777,0.7595711126021236,1.4602550131315981
71,0.38871081211801434,0.6740270725326247,1.3090551349466404
890,0.30793442883226174,0.7753338236238384,1.477278247876901
693,0.3373899492320545,0.796594725675612,1.275478756817128
318,0.2843822843822844,0.6789615592993099,1.4538512660572216
355,0.2864765659086989,0.6643753074022964,1.4720687906462064
467,0.31982038429406845,0.7414039712372792,1.8297022513317327
278,0.27781472913051863,0.7324939228377765,1.3910842180183598
920,0.27893597630439737,0.6475288354670847,1.4028130857699106
208,0.30688854489164086,0.7413939128304524,1.5005046745768253
422,0.44258723732407945,0.7089000011299426,1.348774529840452
849,0.2787071116018484,0.8254807995127481,1.4372836127592383
843,0.3047036425906395,0.8322449423486386,1.6551801567251982
115,0.2838872256054918,0.7807450553020455,1.3858937683789403
422,0.44258723732407945,0.7089000011299426,1.4249388257683553
96,0.28232995075100337,0.6610727912709515,1.5347160967999958
751,0.36821659162990433,0.7549026049751356,1.3875695336496408
125,0.2921730162727393,0.7620646045541847,1.517103601280652
408,0.3658464342674869,0.7137609841353966,1.448194529941247
645,0.3231829573934837,0.6498168762511488,1.3300920799116323
751,0.36821659162990433,0.7549026049751356,1.497132440652881
855,0.28981354902407536,0.6451931508274332,1.345178627946992
861,0.2872533941806388,0.9032367793105855,1.3823772788682422
341,0.2817914351095129,0.5899221254370938,1.438414448135578
732,0.282550078060914,0.6914359384085144,1.233303809335315
523,0.278717627401838,0.5432985747873812,1.3999815130140658
171,0.27688130582867426,0.7468452655364015,1.2405844294090396
96,0.28232995075100337,0.6610727912709515,1.3377624355686033
408,0.3658464342674869,0.7137609841353966,1.4364892585992284
733,0.30793241845873426,0.9134169818136463,1.2243790964413068
320,0.29393435511856564,0.7156942054813941,1.4380363377312293
435,0.2756870451529894,0.6333067756280512,1.2999173339029269
691,0.39873821998435,0.687331250051462,1.4822393624808026
35,0.28572023951280917,0.8564281011807438,1.424914900779985
983,0.3021324478754819,0.6843678287265993,1.3389654940065847
117,0.29997721576668945,0.6991414642599598,1.3548108180073182
344,0.4140472216303241,0.7585302900921024,1.2451129798231215
783,0.3153584719374193,0.6380027672515546,1.549736315165127
984,0.2864774114774115,0.6969984034566572,1.3395174288771297
120,0.37301464694123976,0.8349843114540373,1.4325906974721152
115,0.2838872256054918,0.7807450553020455,1.5374963537614488
71,0.38871081211801434,0.6740270725326247,1.7272156078802674
59,0.28312491601965284,0.5941858258256218,1.3001140332655234
513,0.32634217121751746,0.7936095554202561,1.4570158064867644
397,0.2841094577936683,0.7256477551240188,1.3405693521426365
564,0.29445087076666027,0.6102564938336553,1.1393127497829882
328,0.2922303530662664,0.7447678031730994,1.429214524276972
912,0.329042749476186,0.7203905367510107,1.2049496232925256
513,0.32634217121751746,0.7936095554202561,1.3733626385100797
440,0.28417255259360524,0.6921321335421508,1.5039127486389037
733,0.30793241845873426,0.9134169818136463,1.512823349983273
193,0.3056389516915832,0.7112664247520742,1.332825718059462
527,0.35946639540822367,0.6859125170900422,1.3248183431466725
588,0.27476427081690236,0.7543687718142518,1.1974224732760557
519,0.2944551234798912,0.8304284655215344,1.459267310787749
564,0.29445087076666027,0.6102564938336553,1.1721921740682504
556,0.3211238323080428,0.7315073377232986,1.4948447826160627
809,0.2981173968790068,0.7235542686297001,1.3042705706020918
78,0.31968354143276745,0.6918512804126095,1.6780052399012166
576,0.27710478963941576,0.8061277923441663,1.4260749492872107
520,0.453721025050665,0.5788498598748218,1.4876565283046062
247,0.28826655800340006,0.7131597075322961,1.3256033897843114
637,0.29032933011261186,0.7130812398217591,1.5386407972915848
645,0.3231829573934837,0.6498168762511488,1.3400205166664425
450,0.29122622733303843,0.7653287310656407,1.6614762702688328
86,0.36264057579847053,0.6816931937978434,1.3552704400990616
588,0.27476427081690236,0.7543687718142518,1.604849334350313
85,0.31659699314161555,0.6016263366536401,1.3741569341051083
564,0.29445087076666027,0.6102564938336553,1.5694426212887862
868,0.3717075021641585,0.5836281298338869,1.4255230311362679
362,0.27985683906736536,0.7341092535374913,1.2728824170877613
904,0.3446372341109183,0.6477185562873813,1.3553958461809181
935,0.3190476190476191,0.7507035224131006,1.4282331915054214
636,0.2850175237559138,0.7252015900265611,1.6425329781416083
508,0.29816776790460997,0.7380788977766094,1.4568458430958215
161,0.3393658972606341,0.48671952346792474,1.308822601866002
411,0.40005183336208266,0.6864987693257899,1.5441570432313148
915,0.30509446693657216,0.5508129499029568,1.4729722109063859
306,0.29030749951802587,0.6496366570432942,1.3940066124227142
193,0.3056389516915832,0.7112664247520742,1.1987318444015516
732,0.282550078060914,0.6914359384085144,1.7769379251562534
420,0.2920491788912842,0.6719289652680459,1.4014842806814791
868,0.3717075021641585,0.5836281298338869,1.4116103826918396
557,0.3085655314757482,0.6889315091277423,1.3683658386294502
316,0.2920320907163012,0.8233649615207226,1.2984300513803195
783,0.3153584719374193,0.6380027672515546,1.3926395773035052
175,0.38075277125620377,0.7699834022935662,1.7097519659676397
21,0.35730672835936,0.6928335330604469,1.2997436897232266
2,0.33314866112650043,0.7264066533438688,1.4497926455483499
814,0.28668261562998404,0.5339967037930814,1.4080812327141734
348,0.3122069451016819,0.618462472413732,1.596623629133445
341,0.2817914351095129,0.5899221254370938,1.426978532205136
103,0.27551483604115184,0.7680419866914483,1.323857183075692
820,0.28675491175491175,0.7149360577007994,1.3727245842849527
675,0.3668204602415129,0.6689988272867208,1.2842488312143814
862,0.35498974709501024,0.6750998327336125,1.5778696535587748
751,0.36821659162990433,0.7549026049751356,1.4153542599924225
345,0.2984078786710366,0.7387704138204136,1.219951100358391
920,0.27893597630439737,0.6475288354670847,1.5781685258159173
634,0.4413989519252677,0.6400474317711492,1.3214096676550293
861,0.2872533941806388,0.9032367793105855,1.3652405490909112
678,0.3266286345233714,0.7381514258715157,1.377092756932071
758,0.356579112471561,0.7974923861023211,1.5693224846815423
814,0.28668261562998404,0.5339967037930814,1.5584726815200216
424,0.33869969040247677,0.6119044498001658,1.4813704413244735
161,0.3393658972606341,0.48671952346792474,1.480740995345296
746,0.3165964152806258,0.6457641440685371,1.2883189855785686
341,0.2817914351095129,0.5899221254370938,1.4780815295922807
319,0.2916441745389114,0.7772024504846318,1.346180506406237
519,0.2944551234798912,0.8304284655215344,1.2842218022265701
572,0.3494907139643982,0.7265968916066241,1.302801071360913
74,0.35119416187527647,0.7201650079791122,1.6382073507456958
779,0.34030131149244724,0.6728443987327308,1.2298479427046671
246,0.28042816316810126,0.7115538094455381,1.6102258458933782
125,0.2921730162727393,0.7620646045541847,1.312326993156277
925,0.3979114452798663,0.6320016074460871,1.276508683856523
836,0.417630899417603,0.7997676832743845,1.5483738898062567
697,0.32486709197235514,0.568049013137399,1.322136553044707
362,0.27985683906736536,0.7341092535374913,1.3462520904926678
435,0.2756870451529894,0.6333067756280512,1.3493923072426586
845,0.35262938046871567,0.6409833261002851,1.6652782566672526
417,0.4067779096864969,0.7029751554506717,1.4544450663843866
802,0.3381852911631305,0.7667681448520351,1.2471878352969417
915,0.30509446693657216,0.5508129499029568,1.4763484858701268
303,0.31577519487736205,0.8809579437497628,1.4448849706586866
96,0.28232995075100337,0.6610727912709515,1.3889711991781326
420,0.2920491788912842,0.6719289652680459,1.2921957278872351
732,0.282550078060914,0.6914359384085144,1.5894640302246452
